{
  "hosting": {
    "public": "dist",
    "ignore": ["firebase.json", "**/.*", "**/node_modules/**"],
    "rewrites": [
      { "source": "**", "destination": "/index.html" }
    ],
    "headers": [
      {
        "source": "/service-worker.js",
        "headers": [{ "key": "Cache-Control", "value": "no-cache" }]
      }
    ]
  },
   "firestore": {
    "rules": "firestore.rules",
    "indexes": "firestore.indexes.json"
  },
  "functions": {
    "source": "functions",
    "runtime": "nodejs20"
  }
  
}
